<?xml version="1.0" encoding="UTF-8" standalone="no"?>
<document type="com.apple.InterfaceBuilder3.CocoaTouch.XIB" version="3.0" toolsVersion="9532" systemVersion="15E65" targetRuntime="iOS.CocoaTouch" propertyAccessControl="none" useAutolayout="YES" useTraitCollections="YES">
    <dependencies>
        <deployment identifier="iOS"/>
        <plugIn identifier="com.apple.InterfaceBuilder.IBCocoaTouchPlugin" version="9530"/>
        <capability name="Constraints to layout margins" minToolsVersion="6.0"/>
    </dependencies>
    <objects>
        <placeholder placeholderIdentifier="IBFilesOwner" id="-1" userLabel="File's Owner"/>
        <placeholder placeholderIdentifier="IBFirstResponder" id="-2" customClass="UIResponder"/>
        <tableViewCell contentMode="scaleToFill" selectionStyle="default" indentationWidth="10" id="KGk-i7-Jjw" customClass="CFAlertActionTableViewCell">
            <rect key="frame" x="0.0" y="0.0" width="320" height="50"/>
            <autoresizingMask key="autoresizingMask" flexibleMaxX="YES" flexibleMaxY="YES"/>
            <tableViewCellContentView key="contentView" opaque="NO" clipsSubviews="YES" multipleTouchEnabled="YES" contentMode="center" tableViewCell="KGk-i7-Jjw" id="H2p-sc-9uM">
                <rect key="frame" x="0.0" y="0.0" width="320" height="49"/>
                <autoresizingMask key="autoresizingMask"/>
                <subviews>
                    <button opaque="NO" clipsSubviews="YES" contentMode="scaleToFill" horizontalHuggingPriority="750" horizontalCompressionResistancePriority="749" misplaced="YES" contentHorizontalAlignment="center" contentVerticalAlignment="center" lineBreakMode="middleTruncation" translatesAutoresizingMaskIntoConstraints="NO" id="RuE-Ia-gYW" customClass="CFPushButton">
                        <rect key="frame" x="20" y="0.0" width="280" height="50"/>
                        <color key="backgroundColor" red="0.0" green="0.47843137254901963" blue="1" alpha="1" colorSpace="calibratedRGB"/>
                        <fontDescription key="fontDescription" type="system" weight="semibold" pointSize="14"/>
                        <state key="normal" title="Button">
                            <color key="titleColor" white="1" alpha="1" colorSpace="calibratedWhite"/>
                        </state>
                        <connections>
                            <action selector="actionButtonClicked:" destination="KGk-i7-Jjw" eventType="touchUpInside" id="5c8-x0-bZX"/>
                        </connections>
                    </button>
                </subviews>
                <constraints>
                    <constraint firstAttribute="bottomMargin" secondItem="RuE-Ia-gYW" secondAttribute="bottom" constant="-8" id="AN7-ji-oSQ"/>
                    <constraint firstAttribute="trailingMargin" secondItem="RuE-Ia-gYW" secondAttribute="trailing" priority="751" constant="12" id="Jjk-kp-Fb0"/>
                    <constraint firstItem="RuE-Ia-gYW" firstAttribute="centerX" secondItem="H2p-sc-9uM" secondAttribute="centerX" id="OrY-pD-TgD"/>
                    <constraint firstItem="RuE-Ia-gYW" firstAttribute="top" secondItem="H2p-sc-9uM" secondAttribute="topMargin" constant="-8" id="eAF-Tm-YK2"/>
                    <constraint firstItem="RuE-Ia-gYW" firstAttribute="leading" secondItem="H2p-sc-9uM" secondAttribute="leadingMargin" priority="751" constant="12" id="kDS-GO-jrN"/>
                </constraints>
            </tableViewCellContentView>
            <connections>
                <outlet property="actionButton" destination="RuE-Ia-gYW" id="o8i-pI-xn3"/>
                <outlet property="actionButtonBottomConstraint" destination="AN7-ji-oSQ" id="0fZ-Bt-Hpf"/>
                <outlet property="actionButtonCenterXConstraint" destination="OrY-pD-TgD" id="IK5-3B-wSX"/>
                <outlet property="actionButtonLeadingConstraint" destination="kDS-GO-jrN" id="I4B-Ij-Zy3"/>
                <outlet property="actionButtonTopConstraint" destination="eAF-Tm-YK2" id="n28-Wg-jOU"/>
                <outlet property="actionButtonTrailingConstraint" destination="Jjk-kp-Fb0" id="fYN-im-Zxr"/>
            </connections>
            <point key="canvasLocation" x="247" y="97"/>
        </tableViewCell>
    </objects>
</document>
