<?xml version="1.0" encoding="UTF-8" standalone="no"?>
<document type="com.apple.InterfaceBuilder3.CocoaTouch.XIB" version="3.0" toolsVersion="9532" systemVersion="15E65" targetRuntime="iOS.CocoaTouch" propertyAccessControl="none" useAutolayout="YES" useTraitCollections="YES">
    <dependencies>
        <deployment identifier="iOS"/>
        <plugIn identifier="com.apple.InterfaceBuilder.IBCocoaTouchPlugin" version="9530"/>
    </dependencies>
    <objects>
        <placeholder placeholderIdentifier="IBFilesOwner" id="-1" userLabel="File's Owner" customClass="CFAlertViewController">
            <connections>
                <outlet property="containerView" destination="oE9-Fa-uD3" id="U7b-iR-Wvb"/>
                <outlet property="containerViewBottomConstraint" destination="VQq-aN-B81" id="5Vk-q7-S71"/>
                <outlet property="containerViewCenterYConstraint" destination="H8R-Gq-Eee" id="AJR-2d-FW9"/>
                <outlet property="mainViewBottomConstraint" destination="2uV-Tk-MV8" id="Dhk-hF-sdT"/>
                <outlet property="tableView" destination="bKB-GW-3Ko" id="hy8-Ui-XRf"/>
                <outlet property="tableViewHeightConstraint" destination="mgv-7M-W5c" id="z4I-u7-gtf"/>
                <outlet property="view" destination="ZTb-A8-9bZ" id="vIg-hL-ud7"/>
            </connections>
        </placeholder>
        <placeholder placeholderIdentifier="IBFirstResponder" id="-2" customClass="UIResponder"/>
        <view contentMode="scaleToFill" id="ZTb-A8-9bZ">
            <rect key="frame" x="0.0" y="0.0" width="600" height="600"/>
            <autoresizingMask key="autoresizingMask" flexibleMaxX="YES" flexibleMaxY="YES"/>
            <subviews>
                <view clearsContextBeforeDrawing="NO" contentMode="scaleToFill" translatesAutoresizingMaskIntoConstraints="NO" id="i5M-Pr-FkT">
                    <rect key="frame" x="0.0" y="0.0" width="600" height="600"/>
                    <subviews>
                        <view clipsSubviews="YES" contentMode="scaleToFill" translatesAutoresizingMaskIntoConstraints="NO" id="oE9-Fa-uD3">
                            <rect key="frame" x="90" y="200" width="420" height="200"/>
                            <subviews>
                                <tableView clipsSubviews="YES" contentMode="scaleToFill" alwaysBounceVertical="YES" style="plain" separatorStyle="none" rowHeight="44" sectionHeaderHeight="28" sectionFooterHeight="28" translatesAutoresizingMaskIntoConstraints="NO" id="bKB-GW-3Ko">
                                    <rect key="frame" x="0.0" y="0.0" width="420" height="200"/>
                                    <color key="backgroundColor" white="0.0" alpha="0.0" colorSpace="calibratedWhite"/>
                                    <constraints>
                                        <constraint firstAttribute="height" priority="900" constant="200" id="mgv-7M-W5c"/>
                                    </constraints>
                                    <connections>
                                        <outlet property="dataSource" destination="-1" id="kEi-QW-7e1"/>
                                        <outlet property="delegate" destination="-1" id="iCO-vP-98q"/>
                                    </connections>
                                </tableView>
                            </subviews>
                            <color key="backgroundColor" white="1" alpha="1" colorSpace="calibratedWhite"/>
                            <constraints>
                                <constraint firstItem="bKB-GW-3Ko" firstAttribute="top" secondItem="oE9-Fa-uD3" secondAttribute="top" id="Ol2-pp-MKV"/>
                                <constraint firstAttribute="trailing" secondItem="bKB-GW-3Ko" secondAttribute="trailing" id="Qye-xz-rK3"/>
                                <constraint firstAttribute="width" relation="lessThanOrEqual" constant="420" id="UUs-YE-wor"/>
                                <constraint firstAttribute="bottom" secondItem="bKB-GW-3Ko" secondAttribute="bottom" id="dIY-S9-Ylm"/>
                                <constraint firstItem="bKB-GW-3Ko" firstAttribute="leading" secondItem="oE9-Fa-uD3" secondAttribute="leading" id="kLO-AL-TvV"/>
                            </constraints>
                        </view>
                    </subviews>
                    <color key="backgroundColor" white="0.0" alpha="0.0" colorSpace="calibratedWhite"/>
                    <gestureRecognizers/>
                    <constraints>
                        <constraint firstAttribute="trailing" secondItem="oE9-Fa-uD3" secondAttribute="trailing" priority="750" constant="10" id="AbK-jx-TFx"/>
                        <constraint firstItem="oE9-Fa-uD3" firstAttribute="centerY" secondItem="i5M-Pr-FkT" secondAttribute="centerY" id="H8R-Gq-Eee"/>
                        <constraint firstItem="oE9-Fa-uD3" firstAttribute="top" relation="greaterThanOrEqual" secondItem="i5M-Pr-FkT" secondAttribute="top" constant="20" id="QMk-0Z-hhJ"/>
                        <constraint firstAttribute="bottom" secondItem="oE9-Fa-uD3" secondAttribute="bottom" constant="10" id="VQq-aN-B81"/>
                        <constraint firstAttribute="bottom" relation="greaterThanOrEqual" secondItem="oE9-Fa-uD3" secondAttribute="bottom" priority="990" constant="20" id="WSN-es-JQA"/>
                        <constraint firstItem="oE9-Fa-uD3" firstAttribute="centerX" secondItem="i5M-Pr-FkT" secondAttribute="centerX" id="eKC-zE-i5f"/>
                        <constraint firstItem="oE9-Fa-uD3" firstAttribute="leading" secondItem="i5M-Pr-FkT" secondAttribute="leading" priority="750" constant="10" id="lA4-Nq-cdD"/>
                    </constraints>
                    <variation key="default">
                        <mask key="constraints">
                            <exclude reference="VQq-aN-B81"/>
                        </mask>
                    </variation>
                </view>
            </subviews>
            <color key="backgroundColor" white="0.0" alpha="0.70272909630000002" colorSpace="custom" customColorSpace="calibratedWhite"/>
            <constraints>
                <constraint firstAttribute="bottom" secondItem="i5M-Pr-FkT" secondAttribute="bottom" id="2uV-Tk-MV8"/>
                <constraint firstAttribute="trailing" secondItem="i5M-Pr-FkT" secondAttribute="trailing" id="FgW-l0-cNW"/>
                <constraint firstItem="i5M-Pr-FkT" firstAttribute="top" secondItem="ZTb-A8-9bZ" secondAttribute="top" id="Y3i-ZF-rc1"/>
                <constraint firstItem="i5M-Pr-FkT" firstAttribute="leading" secondItem="ZTb-A8-9bZ" secondAttribute="leading" id="vrL-fC-WCF"/>
            </constraints>
            <point key="canvasLocation" x="348" y="982"/>
        </view>
    </objects>
</document>
