<?xml version="1.0" encoding="UTF-8" standalone="no"?>
<document type="com.apple.InterfaceBuilder3.CocoaTouch.XIB" version="3.0" toolsVersion="9532" systemVersion="15E65" targetRuntime="iOS.CocoaTouch" propertyAccessControl="none" useAutolayout="YES" useTraitCollections="YES">
    <dependencies>
        <deployment identifier="iOS"/>
        <plugIn identifier="com.apple.InterfaceBuilder.IBCocoaTouchPlugin" version="9530"/>
        <capability name="Constraints to layout margins" minToolsVersion="6.0"/>
    </dependencies>
    <objects>
        <placeholder placeholderIdentifier="IBFilesOwner" id="-1" userLabel="File's Owner"/>
        <placeholder placeholderIdentifier="IBFirstResponder" id="-2" customClass="UIResponder"/>
        <tableViewCell contentMode="scaleToFill" selectionStyle="none" indentationWidth="10" rowHeight="66" id="dGl-Zt-7oP" customClass="CFAlertTitleSubtitleTableViewCell">
            <rect key="frame" x="0.0" y="0.0" width="320" height="85"/>
            <autoresizingMask key="autoresizingMask" flexibleMaxX="YES" flexibleMaxY="YES"/>
            <tableViewCellContentView key="contentView" opaque="NO" clipsSubviews="YES" multipleTouchEnabled="YES" contentMode="center" tableViewCell="dGl-Zt-7oP" id="7TX-v0-D43">
                <rect key="frame" x="0.0" y="0.0" width="320" height="84"/>
                <autoresizingMask key="autoresizingMask"/>
                <subviews>
                    <label opaque="NO" userInteractionEnabled="NO" contentMode="left" horizontalHuggingPriority="251" verticalHuggingPriority="251" text="Title" lineBreakMode="tailTruncation" numberOfLines="0" baselineAdjustment="alignBaselines" adjustsFontSizeToFit="NO" translatesAutoresizingMaskIntoConstraints="NO" id="c2H-hb-4JF">
                        <rect key="frame" x="20" y="20" width="280" height="24"/>
                        <fontDescription key="fontDescription" type="boldSystem" pointSize="20"/>
                        <color key="textColor" red="0.0039215686274509803" green="0.20000000000000001" blue="0.33725490196078434" alpha="1" colorSpace="calibratedRGB"/>
                        <nil key="highlightedColor"/>
                    </label>
                    <label opaque="NO" userInteractionEnabled="NO" contentMode="left" horizontalHuggingPriority="251" verticalHuggingPriority="251" text="Label" lineBreakMode="tailTruncation" numberOfLines="0" baselineAdjustment="alignBaselines" adjustsFontSizeToFit="NO" translatesAutoresizingMaskIntoConstraints="NO" id="7tN-9S-3pI">
                        <rect key="frame" x="20" y="49" width="280" height="17"/>
                        <fontDescription key="fontDescription" type="system" pointSize="14"/>
                        <color key="textColor" red="0.0039215686274509803" green="0.20000000000000001" blue="0.33725490196078434" alpha="1" colorSpace="calibratedRGB"/>
                        <nil key="highlightedColor"/>
                    </label>
                </subviews>
                <constraints>
                    <constraint firstAttribute="trailing" secondItem="7tN-9S-3pI" secondAttribute="trailing" constant="20" id="6Xi-pn-I9O"/>
                    <constraint firstItem="7tN-9S-3pI" firstAttribute="leading" secondItem="7TX-v0-D43" secondAttribute="leadingMargin" constant="12" id="Iv8-RH-bpk"/>
                    <constraint firstItem="7tN-9S-3pI" firstAttribute="top" secondItem="c2H-hb-4JF" secondAttribute="bottom" priority="900" constant="5" id="M4O-kK-wiQ"/>
                    <constraint firstItem="7tN-9S-3pI" firstAttribute="top" secondItem="7TX-v0-D43" secondAttribute="topMargin" constant="20" id="N7e-Ej-j3L"/>
                    <constraint firstAttribute="trailing" secondItem="c2H-hb-4JF" secondAttribute="trailing" constant="20" id="Re3-Qa-vge"/>
                    <constraint firstItem="c2H-hb-4JF" firstAttribute="top" secondItem="7TX-v0-D43" secondAttribute="topMargin" constant="12" id="lLx-fy-yUC"/>
                    <constraint firstAttribute="bottomMargin" secondItem="7tN-9S-3pI" secondAttribute="bottom" constant="10" id="oBK-u9-eX6"/>
                    <constraint firstAttribute="bottomMargin" secondItem="c2H-hb-4JF" secondAttribute="bottom" constant="10" id="psl-WT-k1P"/>
                    <constraint firstItem="c2H-hb-4JF" firstAttribute="leading" secondItem="7TX-v0-D43" secondAttribute="leadingMargin" constant="12" id="xSR-q6-tNK"/>
                </constraints>
                <variation key="default">
                    <mask key="constraints">
                        <exclude reference="psl-WT-k1P"/>
                        <exclude reference="N7e-Ej-j3L"/>
                    </mask>
                </variation>
            </tableViewCellContentView>
            <color key="backgroundColor" white="0.0" alpha="0.0" colorSpace="calibratedWhite"/>
            <inset key="separatorInset" minX="20" minY="0.0" maxX="0.0" maxY="0.0"/>
            <connections>
                <outlet property="subtitleLabel" destination="7tN-9S-3pI" id="JFB-mJ-rIm"/>
                <outlet property="subtitleLabelBottomConstraint" destination="oBK-u9-eX6" id="UEj-oV-dUX"/>
                <outlet property="subtitleLabelTopConstraint" destination="N7e-Ej-j3L" id="vS8-dY-4SO"/>
                <outlet property="subtitleLeadingSpaceConstraint" destination="Iv8-RH-bpk" id="C00-1x-Gwy"/>
                <outlet property="titleLabel" destination="c2H-hb-4JF" id="dDG-zS-56M"/>
                <outlet property="titleLabelBottomConstraint" destination="psl-WT-k1P" id="RFV-uA-XPv"/>
                <outlet property="titleLabelTopConstraint" destination="lLx-fy-yUC" id="OYd-1I-C7o"/>
                <outlet property="titleLeadingSpaceConstraint" destination="xSR-q6-tNK" id="k9j-MS-ZMd"/>
                <outlet property="titleSubtitleVerticalSpacingConstraint" destination="M4O-kK-wiQ" id="tcJ-za-XGD"/>
            </connections>
            <point key="canvasLocation" x="-357" y="-37"/>
        </tableViewCell>
    </objects>
</document>
