<?xml version="1.0" encoding="UTF-8"?>
<!DOCTYPE plist PUBLIC "-//Apple//DTD PLIST 1.0//EN" "http://www.apple.com/DTDs/PropertyList-1.0.dtd">
<plist version="1.0">
<dict>
	<key>SchemeUserState</key>
	<dict>
		<key>cutomalert.xcscheme</key>
		<dict>
			<key>orderHint</key>
			<integer>0</integer>
		</dict>
	</dict>
	<key>SuppressBuildableAutocreation</key>
	<dict>
		<key>2230DD931D3F240D007A055A</key>
		<dict>
			<key>primary</key>
			<true/>
		</dict>
		<key>2230DDAC1D3F240D007A055A</key>
		<dict>
			<key>primary</key>
			<true/>
		</dict>
		<key>2230DDB71D3F240D007A055A</key>
		<dict>
			<key>primary</key>
			<true/>
		</dict>
	</dict>
</dict>
</plist>
